name,district
Дубнинская улица,Москва
Дубининская улица,Москва
Чертановская улица,Москва
Тверская улица,Москва
Арбат улица,Москва
Петровка улица,Москва
Сретенка улица,Москва
Мясницкая улица,Москва
Большая Дмитровка улица,Москва
Малая Дмитровка улица,Москва
Новослободская улица,Москва
Долгоруковская улица,Москва
Краснопролетарская улица,Москва
Бутырская улица,Москва
Тимирязевская улица,Москва
Смольная улица,Москва
Фестивальная улица,Москва
Лавочкина улица,Москва
Профсоюзная улица,Москва
Вавилова улица,Москва
Гарибальди улица,Москва
Обручева улица,Москва
Наметкина улица,Москва
Каховка улица,Москва
Азовская улица,Москва
Ялтинская улица,Москва
Сумская улица,Москва
Кировоградская улица,Москва
Дорожная улица,Москва
Подольских Курсантов улица,Москва
Газопровод улица,Москва
Академика Янгеля улица,Москва
Россошанская улица,Москва
Станционная улица,Москва
Садовая-Каретная улица,Москва
Лесная улица,Москва
Правды улица,Москва
Беговая улица,Москва
Планетная улица,Москва
Усиевича улица,Москва
Варшавское шоссе,Москва
Каширское шоссе,Москва
Ленинградское шоссе,Москва
Дмитровское шоссе,Москва
Ленинский проспект,Москва
Ленинградский проспект,Москва
Севастопольский проспект,Москва
Нахимовский проспект,Москва
Сиреневый бульвар,Москва
Чистопрудный бульвар,Москва
